OCC|Date exportation|Devise|EQ DT|EQ EU|PT|PU|Pays d'exportation|Quantite|Produit
ccpb|2025-01-15|3.31|15014.16|4536|4536.0|1.0|France|4536.0|orange 
ccpb|2025-01-15|3.31|29528.51|8921|8921.0|1.0|France|8921.0|orange 
ccpb|2025-01-27|3.32|17892.144|5389.2|5389.2|1.2|France|4491.0|orange 
ccpb|2025-01-27|3.32|46015.2|13860|13860.0|1.2|France|11550.0|orange 
ccpb|2025-01-31|3.32|36453.6|10980|10980.0|1.2|France|9150.0|orange 
ccpb|2025-01-31|3.32|23557.392|7095.599999999999|7095.599999999999|1.2|France|5913.0|orange 
ccpb|2025-02-07|3.3|35259.84|10684.8|10684.8|1.4|France|7632.0|orange 
ccpb|2025-02-07|3.3|41580.0|12600|12600.0|1.2|France|10500.0|orange 
ccpb|2025-02-14|3.31|42289.884|12776.4|12776.4|1.2|France|10647.0|orange 
ccpb|2025-02-14|3.31|28434.224|8590.4|8590.4|1.4|France|6136.0|orange 
ccpb|2025-02-28|3.31|46472.4|14040|14040.0|1.2|France|11700.0|orange 
ccpb|2025-02-28|3.31|6144.683999999999|1856.4|1856.4|1.4|France|1326.0|orange 
ccpb|2025-03-07|3.34|17042.35|5102.5|5102.5|1.3|France|3925.0|orange 
ccpb|2025-03-07|3.31|20853.0|6300|6300.0|9.0|Pologne|700.0|Pépins de figue de barbarie
ccpb|2025-05-19|3.37|241561.6|71680|71680.0|71.68|Espagne|1000.0|Huile essentielle de romarin
ccpb|2025-11-07|3.4|9180.0|2700|2700.0|13.5|France|200.0|Poudre d'Algues
ccpb|2025-11-28|3.4|869.41|255.71|255.71||Espagne|35.0|Huile de pépin de figue de barbarie
ecocert|2025-02-10|1.0|113664.0|35520|35520.0|3552.0|France|10.0|inconnu
ecocert|2025-02-05|1.0|2763.0|921|921.0|92.1|Belgique|10.0|inconnu
ecocert|2025-02-06|1.0|59850.0|19950|19950.0|66.5|France|300.0|inconnu
ecocert|2025-02-07|1.0|46246.2|15415.4|15415.4|3.85|Allemagne|4004.0|inconnu
ecocert|2025-02-08|0.9994485800937413|87000.0|29000|29000.0|72.54|France|400.0|inconnu
ecocert|2025-02-07|1.0|45056.8|13600|13600.0|2.125|france|6400.0|Huile de pépin de figue de barbarie
ecocert|2025-02-14|1.0|4517.92|1360|1360.0|1.7|france|800.0|orange maltise 
ecocert|2025-04-04|1.0|71943.3|21285|21285.0|2.15|belgique|9900.0|feuilles de remarin
ecocert|2025-04-07|1.0|71730.45|21285|21285.0|2.15|belgique|9900.0|feuilles de remarin
ecocert|2025-05-20|1.0|71730.45|21285|21285.0|2.15|belgique|9900.0|feuilles de remarin
ecocert|2025-05-28|1.0|71943.3|21285|21285.0|2.15|belgique|9900.0|feuilles de remarin
ecocert|2025-06-02|1.0|67899.5688|20148.24|20148.24|3.35|france|6014.4|couscous
ecocert|2025-06-02|1.0|60245.57088000001|17877.024|17877.024|2.97|france|6019.2|bourghoul
ecocert|2025-06-02|1.0|2125.796|630.8000000000001|630.8000000000001|4.15|france|152.0|coriandre
ecocert|2025-06-02|1.0|9786.48|2904|2904.0|11.0|france|264.0|mente séché
ecocert|2025-06-20|1.0|195266.225|57942.5|57942.5|10.78|france|5375.0|amande décortiqué
ecocert|2025-07-03|1.0|15360.0|4800|4800.0|3.0|Espagne|1600.0|H.E ROMARIN
ecocert|2025-07-04|1.0|48000.0|15000|15000.0|3.0|Italie|5000.0|Feuilles Olive
ecocert|2025-07-08|1.0|192000.0|60000|60000.0|3.0|France|20000.0|EAU DE FLEURS D,ORANGER
ecocert|2025-07-15|1.0|561920.0|175600|175600.0|4390.0|Allemagne|40.0|Neroli
ecocert|2025-07-18|1.0|83200.0|26000|26000.0|65.0|France|400.0|H.E ROMARIN
ecocert|2025-08-28|1.0|104560.0|32675|32675.0|65.35|France|500.0|H.E ROMARIN
ecocert|2025-09-03|1.0|151603.2|47376|47376.0|65.8|France|720.0|H.E ROMARIN
ecocert|2025-09-03|1.0|44160.0|13800|13800.0|6.9|France|2000.0|poudre de nopal
ecocert|2025-09-12|1.0|122400.0|38250|38250.0|2.55|France|15000.0|EAU DE FLEURS D,ORANGER
ecocert|2025-09-12|1.0|184320.0|57600|57600.0|72.0|Allemagne|800.0|H.E ROMARIN
ecocert|2025-09-12|1.0|44160.0|13800|13800.0|6.9|France|2000.0|poudre de nopal
ecocert|2025-10-01|1.0|118264.32|36957.6|36957.6|1.77|Espagne|20880.0|FIGUES DE BARBARIES
ecocert|2025-10-02|1.0|3046400.0|896000|896000.0|70.0|Belgique|12800.0|feuilles de remarin
ecocert|2025-10-02|1.0|43860.0|12900|12900.0|1.29|France|10000.0|EAU DE FLEURS D,ORANGER
ecocert|2025-10-06|1.0|768740.0|226100|226100.0|66.5|Espagne|3400.0|H.E ROMARIN
ecocert|2025-10-06|1.0|125655.84|36957.6|36957.6|1.77|Espagne|20880.0|FIGUES DE BARBARIES
ecocert|2025-10-08|1.0|63811.2|18768|18768.0|170.0|Espagne|110.4|Huile de pépins de figue de barbarie bio
ecocert|2025-10-08|1.0|125655.84|36957.6|36957.6|1.77|Espagne|20880.0|FIGUES DE BARBARIES
ecocert|2025-10-09|1.0|81702.0|24030|24030.0|3.0|Italie|8010.0|feuilles de remarin
ecocert|2025-10-09|1.0|10210.2|3003|3003.0|3.0|Italie|1001.0|feuilles de remarin
ecocert|2025-10-10|1.0|125655.84|36957.6|36957.6|1.77|Espagne|20880.0|FIGUES DE BARBARIES
ecocert|2025-10-13|1.0|125655.84|36957.6|36957.6|1.77|Espagne|20880.0|FIGUES DE BARBARIES
ecocert|2025-10-13|1.0|26690.0|7850|7850.0|1.57|France|5000.0|feuilles de remarin
ecocert|2025-10-14|1.0|122094.0|35910|35910.0|66.5|Autriche|540.0|H.E ROMARIN
ecocert|2025-10-16|1.0|125655.84|36957.6|36957.6|1.77|Espagne|20880.0|FIGUES DE BARBARIES
ecocert|2025-10-17|1.0|125655.84|36957.6|36957.6|1.77|Espagne|20880.0|FIGUES DE BARBARIES
ecocert|2025-10-20|1.0|125655.84|36957.6|36957.6|1.77|Espagne|20880.0|FIGUES DE BARBARIES
ecocert|2025-10-22|1.0|120841.44|35541.6|35541.6|1.77|Espagne|20080.0|FIGUES DE BARBARIES
ecocert|2025-10-24|1.0|952000.0|280000|280000.0|70.0|France|4000.0|H.E ROMARIN
ecocert|2025-10-27|1.0|125655.84|36957.6|36957.6|1.77|Espagne|20880.0|FIGUES DE BARBARIES
ecocert|2025-12-03|1.0|5711.75|1675|1675.0|3.35|France|500.0|couscous
ecocert|2025-12-03|1.0|5063.85|1485|1485.0|2.97|france|500.0|bourghoul
ecocert|2025-12-03|1.0|56526.0696|16576.56|16576.56|8.19|france|2024.0|mente seché
ecocert|2025-12-15|1.0|16440.918975|4807.28625|4807.28625|95.43|france|50.375|fleur de figur de barbarie
ecocert|2025-12-15|1.0|62192.8368|18185.04|18185.04|336.76|france|54.0|Huile de pépins de figue de barbarie bio
ecocert|2025-12-25|1.0|678583.18|198998|198998.0|13.63|france|14600.0|amande crue
ecocert|2025-12-25|1.0|109283.68|32048|32048.0|40.06|france|800.0|pistache
les molins mahjoub|2025-01-18|1.0|532.4246928|160.8048|160.8048|10.308|danemark|15.6|olive en saumure
les molins mahjoub|2025-01-19|1.0|1430.352|432|432.0|12.0|danemark|36.0|tomate séché
les molins mahjoub|2025-01-20|1.0|913.836|276|276.0|11.5|danemark|24.0|pâte de tomate séché
les molins mahjoub|2025-01-21|1.0|2115.7081407|638.9937|638.9937|19.189|danemark|33.3|harissa traditionnelle
les molins mahjoub|2025-01-22|1.0|423.1656659999999|127.806|127.806|6.265|danemark|20.4|sauce tibar
les molins mahjoub|2025-01-23|1.0|2630.884179|794.589|794.589|7.655|danemark|103.8|m'hamsa
les molins mahjoub|2025-01-24|1.0|542.3418|163.8|163.8|5.46|danemark|30.0|couscous
les molins mahjoub|2025-01-25|1.0|492.6132288|148.7808|148.7808|2.46|danemark|60.48|pâte alimentaire
les molins mahjoub|2025-01-26|1.0|1112.48328576|335.99616|335.99616|10.294|danemark|32.64|shak shuka
les molins mahjoub|2025-01-27|1.0|1070.4039192|323.2872|323.2872|14.967|danemark|21.6|artichaut
les molins mahjoub|2025-01-28|1.0|216.1440666|65.2806|65.2806|12.089|danemark|5.4|sauce de citron et figue
les molins mahjoub|2025-02-12|1.0|774.774|234|234.0|10.0|belgique|23.4|olive en saumure
les molins mahjoub|2025-02-13|1.0|393.3468|118.8|118.8|9.9|belgique|12.0|olive à l'ail
les molins mahjoub|2025-02-14|1.0|1366.7370948|412.7868|412.7868|18.594|belgique|22.2|harissa traditionnelle
les molins mahjoub|2025-02-15|1.0|43387.344|13104|13104.0|5.46|belgique|2400.0|m'hamsa
les molins mahjoub|2025-02-16|1.0|734.664546|221.886|221.886|2.935|belgique|75.6|pâte alimentaire
les molins mahjoub|2025-02-17|1.0|2224.992|672|672.0|7.0|belgique|96.0|citron confit
les molins mahjoub|2025-02-18|1.0|9933.079463999999|3000.024|3000.024|7.353|belgique|408.0|shak shuka
les molins mahjoub|2025-02-19|1.0|1489.95|450|450.0|12.5|belgique|36.0|artichaut
les molins mahjoub|2025-02-20|1.0|1938.8937876|585.5916|585.5916|13.189|belgique|44.4|pate d'artichaut
les molins mahjoub|2025-02-27|1.0|834.372|252|252.0|4.0|france|63.0|olive en saumure
les molins mahjoub|2025-02-28|1.0|2967.9804|896.4|896.4|4.5|france|199.2|pate d'olive
les molins mahjoub|2025-03-01|1.0|254.2848|76.80000000000001|76.80000000000001|6.4|france|12.0|tomate séché
les molins mahjoub|2025-03-02|1.0|310.227456|93.696|93.696|6.1|france|15.36|artichaut
les molins mahjoub|2025-03-03|1.0|4195.6992|1267.2|1267.2|4.8|france|264.0|citron
les molins mahjoub|2025-03-04|1.0|4807.572|1452|1452.0|2.75|france|528.0|citron confit
les molins mahjoub|2025-03-05|1.0|915.42528|276.48|276.48|4.8|france|57.6|piment cayenne
les molins mahjoub|2025-03-13|1.0|2193.4563456|653.2032|653.2032|10.468|belgique|62.4|tomate séché
les molins mahjoub|2025-03-14|1.0|5351.280189839999|1593.59148|1593.59148|18.406|belgique|86.58|harissa traditionnelle
les molins mahjoub|2025-03-15|1.0|1799.45978784|535.87248|535.87248|18.568|belgique|28.86|pate d'artichaut
les molins mahjoub|2025-03-13|1.0|8983.349672879998|2675.20836|2675.20836|9.697|france|275.88|artichaut
les molins mahjoub|2025-03-14|1.0|1476.1875456|439.6032|439.6032|3.816|france|115.2|citron confit
les molins mahjoub|2025-03-15|1.0|1169.4866304|348.2688|348.2688|3.88|france|89.76|tige d'artichaut
les molins mahjoub|2025-03-16|1.0|4567.95778368|1360.32096|1360.32096|4.066|france|334.56|pâte alimentaire
les molins mahjoub|2025-03-17|1.0|576.9742464000001|171.8208|171.8208|5.966|france|28.8|pate d'ail
les molins mahjoub|2025-03-26|1.0|8301.721950719999|2476.64736|2476.64736|10.197|france|242.88|artichaut
les molins mahjoub|2025-03-27|1.0|682.440384|203.592|203.592|8.483|france|24.0|tomate séché
les molins mahjoub|2025-03-28|1.0|627.4758969600001|187.19448|187.19448|4.171|france|44.88|tige d'artichaut
les molins mahjoub|2025-03-29|1.0|6258.210816000001|1867.008|1867.008|5.2|france|359.04|pâte alimentaire
les molins mahjoub|2025-03-27|1.0|539.1784944|160.8048|160.8048|10.308|danemark|15.6|olive en saumure
les molins mahjoub|2025-03-28|1.0|2607.2928|777.6|777.6|10.8|danemark|72.0|pate d'olive
les molins mahjoub|2025-03-29|1.0|428.533518|127.806|127.806|6.265|danemark|20.4|sauce tastour
les molins mahjoub|2025-03-30|1.0|623.5775279999999|185.976|185.976|2.46|danemark|75.6|pâte alimentaire
les molins mahjoub|2025-03-31|1.0|321.898059|96.003|96.003|10.667|danemark|9.0|slice de citron confit
les molins mahjoub|2025-04-01|1.0|949.6058124000001|283.2108|283.2108|8.906|danemark|31.8|confiture d'orange amer
les molins mahjoub|2025-04-02|1.0|502.9660944|150.0048|150.0048|10.417|danemark|14.4|confiture d'abricot
les molins mahjoub|2025-04-03|1.0|502.9660944|150.0048|150.0048|10.417|danemark|14.4|confiture de citron
les molins mahjoub|2025-04-14|1.0|1150.56|338.4|338.4|28.2|danemark|12.0|capre
les molins mahjoub|2025-04-15|1.0|1448.4612|426.018|426.018|19.19|danemark|22.2|harissa traditionnelle
les molins mahjoub|2025-04-16|1.0|2487.78|731.7|731.7|8.13|danemark|90.0|m'hamsa
les molins mahjoub|2025-04-17|1.0|2162.4|636|636.0|10.6|danemark|60.0|citron confit
les molins mahjoub|2025-04-18|1.0|327.42|96.3|96.3|10.7|danemark|9.0|slice de citron confit
les molins mahjoub|2025-04-19|1.0|783.1804800000001|230.3472|230.3472|12.97|danemark|17.76|tige d'artichaut
les molins mahjoub|2025-04-30|1.0|939.4755925402524|277.9513587397196|277.9513587397196|5.01355264682034|france|55.44|olive en saumure
les molins mahjoub|2025-05-01|1.0|601.3873907100659|177.9252635236882|177.9252635236882|7.413552646820341|france|24.0|tomate séché
les molins mahjoub|2025-05-02|1.0|560.827390710066|165.9252635236882|165.9252635236882|6.913552646820341|france|24.0|pâte de tomate séché
les molins mahjoub|2025-05-03|1.0|2031.220895299432|600.9529276033824|600.9529276033824|7.11355264682034|france|84.48|coeur d'artichaut
les molins mahjoub|2025-05-04|1.0|2122.427100326653|627.9370119309625|627.9370119309625|6.81355264682034|france|92.16|artichaut
les molins mahjoub|2025-05-05|1.0|8964.391736212207|2652.186904204795|2652.186904204795|9.61355264682034|france|275.88|pickles d'artichaut
les molins mahjoub|2025-05-06|1.0|2585.306145627244|764.8834750376461|764.8834750376461|8.61355264682034|france|88.8|pate d'artichaut
les molins mahjoub|2025-05-07|1.0|1718.09171912429|508.3111595042279|508.3111595042279|4.81355264682034|france|105.6|citron confit
les molins mahjoub|2025-05-08|1.0|1682.893325462759|497.8974335688636|497.8974335688636|3.81355264682034|france|130.56|tige d'artichaut
les molins mahjoub|2025-05-09|1.0|964.3681191520908|285.3160115834588|285.3160115834588|4.113552646820341|france|69.36|sauce tomate
les molins mahjoub|2025-05-10|1.0|1162.318424834936|343.8811907795668|343.8811907795668|4.01355264682034|france|85.68|sauce mahbouba
les molins mahjoub|2025-05-05|1.0|1911.016224|563.7216000000001|563.7216000000001|9.034|belgique|62.4|pate d'olive
les molins mahjoub|2025-05-06|1.0|3437.671536|1014.0624|1014.0624|10.834|belgique|93.6|tomate séché
les molins mahjoub|2025-05-07|1.0|3673.1322576|1083.51984|1083.51984|18.772|belgique|57.72|harissa traditionnelle
les molins mahjoub|2025-05-08|1.0|3704.8309272|1092.87048|1092.87048|18.934|belgique|57.72|pate d'artichaut
les molins mahjoub|2025-05-09|1.0|235.836198|69.5682|69.5682|8.919|belgique|7.8|olive en saumure
les molins mahjoub|2025-05-10|1.0|121.5187875|35.84625|35.84625|9.559|belgique|3.75|olive au citron
les molins mahjoub|2025-05-11|1.0|186.27372|54.94799999999999|54.94799999999999|9.158|belgique|6.0|olive au harissa
les molins mahjoub|2025-05-12|1.0|383.1649200000001|113.028|113.028|9.419|belgique|12.0|pate d'olive
les molins mahjoub|2025-05-13|1.0|2127.4623|627.57|627.57|20.919|belgique|30.0|capre
les molins mahjoub|2025-05-14|1.0|630.511524|185.9916|185.9916|16.756|belgique|11.1|pâte de tomate séché
les molins mahjoub|2025-05-15|1.0|6173.5968|1821.12|1821.12|3.794|belgique|480.0|m'hamsa
les molins mahjoub|2025-05-16|1.0|876.49128|258.552|258.552|13.68|belgique|18.9|pate d'ail
les molins mahjoub|2025-05-17|1.0|1926.27936|568.2239999999999|568.2239999999999|5.919|belgique|96.0|citron confit
les molins mahjoub|2025-05-18|1.0|13357.2601008|3940.19472|3940.19472|6.271|belgique|628.32|shak shuka
les molins mahjoub|2025-05-19|1.0|1857.61152|547.9680000000001|547.9680000000001|11.416|belgique|48.0|artichaut
les molins mahjoub|2025-05-20|1.0|517.6320000000001|153.6|153.6|6.4|france|24.0|tomate séché
les molins mahjoub|2025-05-21|1.0|477.1920000000001|141.6|141.6|5.9|france|24.0|pâte de tomate séché
les molins mahjoub|2025-05-22|1.0|4255.711488|1262.8224|1262.8224|6.09|france|207.36|coeur d'artichaut
les molins mahjoub|2025-05-23|1.0|676.1568|200.64|200.64|1.9|france|105.6|citron confit
les molins mahjoub|2025-05-12|1.0|1798.497792|535.2672|535.2672|8.578|belgique|62.4|pate d'olive
les molins mahjoub|2025-05-13|1.0|1087.946496|323.7936|323.7936|10.378|belgique|31.2|tomate séché
les molins mahjoub|2025-05-22|1.0|749.5487999999999|221.76|221.76|4.0|france|55.44|olive en saumure
les molins mahjoub|2025-05-23|1.0|415.3344|122.88|122.88|6.4|france|19.2|tomate séché
les molins mahjoub|2025-05-24|1.0|335.0256|99.12|99.12|5.9|france|16.8|pâte de tomate séché
les molins mahjoub|2025-05-25|1.0|1587.924|469.8|469.8|5.8|france|81.0|citron émincé
les molins mahjoub|2025-05-26|1.0|154.128|45.59999999999999|45.59999999999999|3.8|france|12.0|citron confit
les molins mahjoub|2025-06-11|1.0|434.47872|128.544|128.544|10.3|danemark|12.48|olive en saumure
les molins mahjoub|2025-06-12|1.0|3942.432|1166.4|1166.4|10.8|danemark|108.0|pate d'olive
les molins mahjoub|2025-06-13|1.0|778.752|230.4|230.4|12.0|danemark|19.2|tomate séché
les molins mahjoub|2025-06-14|1.0|425.8292999999999|125.985|125.985|11.35|danemark|11.1|harissa
les molins mahjoub|2025-06-15|1.0|1660.932|491.4|491.4|5.46|danemark|90.0|m'hamsa
les molins mahjoub|2025-06-16|1.0|628.5988799999999|185.976|185.976|2.46|danemark|75.6|pâte alimentaire
les molins mahjoub|2025-06-17|1.0|1136.32896|336.192|336.192|10.3|danemark|32.64|shak shuka
les molins mahjoub|2025-06-18|1.0|4209.5196|1245.42|1245.42|18.7|danemark|66.6|pate d'artichaut
les molins mahjoub|2025-06-11|1.0|3642.397512|1077.6324|1077.6324|18.67|belgique|57.72|pate d'artichaut
les molins mahjoub|2025-06-25|1.0|1101.99|327|327.0|5.45|france|60.0|pate d'olive
les molins mahjoub|2025-06-26|1.0|768.36|228|228.0|4.75|france|48.0|citron confit
les molins mahjoub|2025-06-27|1.0|1923.844032|570.8736|570.8736|6.36|france|89.76|piment doux
les molins mahjoub|2025-06-28|1.0|2295.49572|681.156|681.156|4.77|france|142.8|shak shuka
les molins mahjoub|2025-06-29|1.0|1023.132|303.6|303.6|5.75|france|52.8|piment cayenne
les molins mahjoub|2025-06-30|1.0|6379.8144|1893.12|1893.12|4.0|france|473.28|sauce maghmouma
les molins mahjoub|2025-07-01|1.0|1154.9664|342.72|342.72|4.0|france|85.68|sauce makbouba
les molins mahjoub|2025-07-08|1.0|1280.304|376.5600000000001|376.5600000000001|5.23|france|72.0|pate d'olive
les molins mahjoub|2025-07-09|1.0|10461.0384|3076.776|3076.776|4.53|france|679.2|citron confit
les molins mahjoub|2025-07-10|1.0|1522.86816|447.9024000000001|447.9024000000001|4.99|france|89.76|piment doux
les molins mahjoub|2025-07-11|1.0|1489.1184|437.9760000000001|437.9760000000001|5.53|france|79.2|piment cayenne
les molins mahjoub|2025-07-12|1.0|3984.17712|1171.8168|1171.8168|3.73|france|314.16|sauce makbouba
les molins mahjoub|2025-07-16|1.0|1834.56|546|546.0|8.75|belgique|62.4|pate d'olive
les molins mahjoub|2025-07-17|1.0|4423.9104|1316.64|1316.64|10.55|belgique|124.8|tomate séché
les molins mahjoub|2025-07-18|1.0|5378.903711999999|1600.8642|1600.8642|18.49|belgique|86.58|harissa traditionnelle
les molins mahjoub|2025-07-19|1.0|3616.966079999999|1076.478|1076.478|18.65|belgique|57.72|pate d'artichaut
les molins mahjoub|2025-07-21|1.0|348.264|103.65|103.65|13.82|danemark|7.5|olive au citron
les molins mahjoub|2025-07-22|1.0|1674.0864|498.24|498.24|10.38|danemark|48.0|pate d'olive
les molins mahjoub|2025-07-23|1.0|1120.0896|333.36|333.36|27.78|danemark|12.0|capre
les molins mahjoub|2025-07-24|1.0|1400.7168|416.88|416.88|11.58|danemark|36.0|tomate séché
les molins mahjoub|2025-07-25|1.0|9960.57216|2964.456|2964.456|16.72|danemark|177.3|harissa traditionnelle
les molins mahjoub|2025-07-26|1.0|1545.8688|460.08|460.08|12.78|danemark|36.0|harissa au citron et capre
les molins mahjoub|2025-07-27|1.0|1251.936|372.6|372.6|5.4|danemark|69.0|m'hamsa
les molins mahjoub|2025-07-28|1.0|508.0319999999999|151.2|151.2|5.04|danemark|30.0|ww m'hamsa
les molins mahjoub|2025-07-29|1.0|903.0067199999999|268.752|268.752|10.18|danemark|26.4|citron confit
les molins mahjoub|2025-07-30|1.0|1934.63424|575.784|575.784|14.54|danemark|39.6|artichaut
les molins mahjoub|2025-07-31|1.0|906.0710400000002|269.664|269.664|8.48|danemark|31.8|confiture d'orange amer
les molins mahjoub|2025-08-01|1.0|483.35616|143.856|143.856|9.99|danemark|14.4|confiture d'abricot
les molins mahjoub|2025-08-02|1.0|2936.392704|873.9264|873.9264|39.58|danemark|22.08|coriandre
les molins mahjoub|2025-07-21|1.0|19750.752|5878.2|5878.2|20.2|belgique|291.0|capre
les molins mahjoub|2025-07-22|1.0|1221.696|363.6|363.6|12.12|belgique|30.0|tomate séché
les molins mahjoub|2025-07-23|1.0|3363.58008|1001.0655|1001.0655|13.05|belgique|76.71|pâte de tomate séché
les molins mahjoub|2025-07-24|1.0|712.72656|212.121|212.121|19.11|belgique|11.1|harissa traditionnelle
les molins mahjoub|2025-07-25|1.0|17418.24|5184|5184.0|5.4|belgique|960.0|m'hamsa
les molins mahjoub|2025-07-26|1.0|3881.364479999999|1155.168|1155.168|15.28|belgique|75.6|pate d'ail
les molins mahjoub|2025-07-27|1.0|14014.34496|4170.936|4170.936|13.42|belgique|310.8|artichaut
les molins mahjoub|2025-07-28|1.0|2812.30488|836.9955|836.9955|13.71|belgique|61.05|pate d'artichaut
les molins mahjoub|2025-07-31|1.0|609.5519999999999|183.6|183.6|4.5|france|40.8|pate d'olive
les molins mahjoub|2025-08-01|1.0|657.36|198|198.0|2.75|france|72.0|citron confit
les molins mahjoub|2025-08-02|1.0|2079.648|626.4|626.4|5.8|france|108.0|slice de citron confit
les molins mahjoub|2025-08-03|1.0|1172.8896|353.28|353.28|6.4|france|55.2|tomate séché
les molins mahjoub|2025-08-18|1.0|7713.023999999999|2323.2|2323.2|4.84|belgique|480.0|m'hamsa
les molins mahjoub|2025-08-19|1.0|2875.95|866.25|866.25|13.75|belgique|63.0|pate d'ail
les molins mahjoub|2025-08-20|1.0|13225.382016|3983.5488|3983.5488|6.34|belgique|628.32|shak shuka
les molins mahjoub|2025-08-18|1.0|517.92|156|156.0|10.0|danemark|15.6|olive en saumure
les molins mahjoub|2025-08-19|1.0|639.3523200000001|192.576|192.576|5.9|danemark|32.64|sauce tastour
les molins mahjoub|2025-08-20|1.0|812.7359999999999|244.8|244.8|5.1|danemark|48.0|ww m'hamsa
les molins mahjoub|2025-08-21|1.0|507.96|153|153.0|5.1|danemark|30.0|couscous
les molins mahjoub|2025-08-22|1.0|527.0831999999999|158.76|158.76|2.1|danemark|75.6|pâte alimentaire
les molins mahjoub|2025-08-23|1.0|980.0640000000001|295.2|295.2|12.3|danemark|24.0|piment doux
les molins mahjoub|2025-08-24|1.0|615.528|185.4|185.4|10.3|danemark|18.0|slice de citron confit
les molins mahjoub|2025-08-25|1.0|2697.5664|812.52|812.52|18.3|danemark|44.4|artichaut
les molins mahjoub|2025-08-26|1.0|748.8326400000001|225.552|225.552|12.7|danemark|17.76|tige d'artichaut
les molins mahjoub|2025-08-27|1.0|1013.5296|305.28|305.28|10.6|danemark|28.8|confiture de figue
les molins mahjoub|2025-08-28|1.0|843.3331199999999|254.016|254.016|12.6|danemark|20.16|sauce de citron et figue
les molins mahjoub|2025-08-26|1.0|244.2492|71.83800000000001|71.83800000000001|9.21|france|7.8|olive en saumure
les molins mahjoub|2025-08-27|1.0|251.175|73.875|73.875|9.85|france|7.5|olive au citron
les molins mahjoub|2025-08-28|1.0|371.688|109.32|109.32|9.11|france|12.0|olive à l'ail
les molins mahjoub|2025-08-29|1.0|865.368|254.52|254.52|21.21|france|12.0|capre
les molins mahjoub|2025-08-30|1.0|3242.988|953.82|953.82|7.57|france|126.0|tomate séché
les molins mahjoub|2025-08-31|1.0|373.4505599999999|109.8384|109.8384|9.34|france|11.76|pâte de tomate séché
les molins mahjoub|2025-09-01|1.0|671.772|197.58|197.58|17.8|france|11.1|harissa traditionnelle
les molins mahjoub|2025-09-02|1.0|75.87983999999999|22.3176|22.3176|5.47|france|4.08|sauce teboursok
les molins mahjoub|2025-09-03|1.0|75.87983999999999|22.3176|22.3176|5.47|france|4.08|sauce tebourba
les molins mahjoub|2025-09-04|1.0|2857.53|840.4499999999999|840.4499999999999|4.31|france|195.0|m'hamsa
les molins mahjoub|2025-09-05|1.0|3221.2212|947.418|947.418|10.76|france|88.05|pate d'artichaut
les molins mahjoub|2025-09-06|1.0|108.98496|32.0544|32.0544|2.12|france|15.12|pâte alimentaire
les molins mahjoub|2025-09-07|1.0|78.14016|22.9824|22.9824|9.12|france|2.52|sauce d'orange et artichaut
les molins mahjoub|2025-09-08|1.0|1888.02|555.3|555.3|6.17|france|90.0|citron confit
les molins mahjoub|2025-09-09|1.0|100.08648|29.4372|29.4372|13.26|france|2.22|piment doux
les molins mahjoub|2025-09-10|1.0|910.0031999999999|267.648|267.648|6.56|france|40.8|shak shuka
les molins mahjoub|2025-08-27|1.0|9420.222240000001|2787.048|2787.048|6.9|belgique|403.92|shak shuka
les molins mahjoub|2025-09-02|1.0|6163.056|1828.8|1828.8|10.16|danemark|180.0|pate d'olive
les molins mahjoub|2025-09-03|1.0|6590.1024|1955.52|1955.52|11.64|danemark|168.0|pâte de tomate séché
les molins mahjoub|2025-09-04|1.0|10241.16714|3038.922|3038.922|17.14|danemark|177.3|harissa traditionnelle
les molins mahjoub|2025-09-05|1.0|1601.424|475.2|475.2|13.2|danemark|36.0|harissa au citron et capre
les molins mahjoub|2025-09-06|1.0|424.56945|125.985|125.985|11.35|danemark|11.1|harissa
les molins mahjoub|2025-09-07|1.0|3654.0573|1084.29|1084.29|7.69|danemark|141.0|m'hamsa
les molins mahjoub|2025-09-08|1.0|1414.83384|419.8319999999999|419.8319999999999|10.29|danemark|40.8|shak shuka
les molins mahjoub|2025-09-09|1.0|7279.2|2160|2160.0|15.0|danemark|144.0|pate d'artichaut
les molins mahjoub|2025-09-10|1.0|776.577408|230.4384|230.4384|7.06|danemark|32.64|tige d'artichaut
les molins mahjoub|2025-09-11|1.0|953.7774000000002|283.02|283.02|8.9|danemark|31.8|confiture d'orange amer
les molins mahjoub|2025-09-12|1.0|504.6912000000001|149.76|149.76|10.4|danemark|14.4|confiture d'abricot
les molins mahjoub|2025-09-13|1.0|6470.400000000001|1920|1920.0|40.0|danemark|48.0|coriandre
les molins mahjoub|2025-09-14|1.0|504.6912000000001|149.76|149.76|10.4|danemark|14.4|confiture de citron
les molins mahjoub|2025-09-15|1.0|475.5744|141.12|141.12|9.8|danemark|14.4|confiture de framboise
les molins mahjoub|2025-09-17|1.15|351.9138073671439|11.592|102.8987740839602|8.876705838850949|uk|10.08|olive en saumure
les molins mahjoub|2025-09-18|1.15|603.6708922785731|19.319999999999997|176.5119568066003|9.136229648374758|uk|16.8|olive à l'ail
les molins mahjoub|2025-09-19|1.15|646.7902417270425|20.7|189.1199537213575|9.136229648374758|uk|18.0|olive au harissa
les molins mahjoub|2025-09-20|1.15|1364.374483454085|41.39999999999999|398.9399074427149|9.636229648374758|uk|36.0|pate d'olive
les molins mahjoub|2025-09-21|1.15|3218.852330696433|48.3|941.1848920165008|19.48622964837476|uk|42.0|capre
les molins mahjoub|2025-09-22|1.15|4196.872633671439|115.91999999999999|1227.155740839602|10.58622964837476|uk|100.8|tomate séché
les molins mahjoub|2025-09-23|1.15|4453.522944846951|138.00000000000003|1302.199691475717|9.43622964837476|uk|120.0|pâte de tomate séché
les molins mahjoub|2025-09-24|1.15|2014.033236991715|63.82499999999999|588.8986073075189|9.2267701889153|uk|55.5|harissa
les molins mahjoub|2025-09-25|1.15|861.7190402183935|8.210999999999999|251.9646316428051|30.68622964837476|uk|7.14|papreka
les molins mahjoub|2025-09-26|1.15|1437.853236211738|34.5|420.4249228689292|12.18622964837476|uk|30.0|harissa au citron et capre
les molins mahjoub|2025-09-27|1.15|1453.626001871945|70.38|425.0368426526155|6.039170824845347|uk|61.2|sauce tibar
les molins mahjoub|2025-09-28|1.15|726.8130009359725|35.190000000000005|212.5184213263078|6.039170824845347|uk|30.6|sauce teboursok
les molins mahjoub|2025-09-29|1.15|2374.25580305751|114.954|694.226842999272|6.039170824845347|uk|99.96|sauce tebourba
les molins mahjoub|2025-09-30|1.15|630.8016362117377|34.500000000000014|184.4449228689292|5.346229648374758|uk|30.0|ww m'hamsa
les molins mahjoub|2025-10-01|1.15|757.0989006239815|23.459999999999994|221.3739475508718|9.43622964837476|uk|20.4|citron confit
les molins mahjoub|2025-10-02|1.15|8861.341558373486|204.23999999999992|2591.03554338406|12.68622964837476|uk|177.6|piments grillés
les molins mahjoub|2025-10-03|1.15|9480.828610607687|398.81999999999994|2772.172108364821|6.950935530727699|uk|346.8|shak shuka
les molins mahjoub|2025-10-04|1.15|1084.20818896939|27.59999999999999|317.0199382951433|11.48622964837476|uk|24.0|artichaut
les molins mahjoub|2025-10-05|1.15|3297.966779186744|102.11999999999999|964.3177716920304|9.442986405131517|uk|88.8|tige d'artichaut
les molins mahjoub|2025-10-06|1.15|1153.329460768884|73.14000000000001|337.2308364821299|4.610757950261551|uk|63.6|confiture d'orange amer
les molins mahjoub|2025-10-07|1.15|2158.785320289805|99.36|631.223777862516|6.352896315041425|uk|86.4|confiture de figue
les molins mahjoub|2025-10-08|1.15|456.4108592089298|14.489999999999993|133.4534676049502|9.210039172184283|uk|12.6|sauce de citron et figue
les molins mahjoub|2025-09-18|1.0|572.88|168|168.0|8.75|france|19.2|olive au citron
les molins mahjoub|2025-09-19|1.0|186.5952|54.72|54.72|11.4|france|4.8|tomate séché
les molins mahjoub|2025-09-20|1.0|282.151584|82.7424|82.7424|6.76|france|12.24|shak shuka
les molins mahjoub|2025-09-25|1.0|547.9188|160.68|160.68|10.3|danemark|15.6|olive en saumure
les molins mahjoub|2025-09-26|1.0|364.188|106.8|106.8|14.24|danemark|7.5|olive au citron
les molins mahjoub|2025-09-27|1.0|3240.864|950.4000000000001|950.4000000000001|10.0|danemark|95.04|pate d'olive
les molins mahjoub|2025-09-28|1.0|1153.944|338.4|338.4|28.2|danemark|12.0|capre
les molins mahjoub|2025-09-29|1.0|1473.12|432|432.0|12.0|danemark|36.0|tomate séché
les molins mahjoub|2025-09-30|1.0|10305.94752|3022.272|3022.272|11.66|danemark|259.2|pâte de tomate séché
les molins mahjoub|2025-10-01|1.0|1460.575974|428.3214|428.3214|11.57|danemark|37.02|harissa
les molins mahjoub|2025-10-02|1.0|522.564768|153.2448|153.2448|6.26|danemark|24.48|sauce tibar
les molins mahjoub|2025-10-03|1.0|1388.0064|407.04|407.04|10.6|danemark|38.4|citron confit
les molins mahjoub|2025-10-04|1.0|656.766|192.6|192.6|10.7|danemark|18.0|slice de citron confit
les molins mahjoub|2025-10-05|1.0|2020.13856|592.416|592.416|14.96|danemark|39.6|artichaut
les molins mahjoub|2025-10-06|1.0|2123.4411|622.7099999999999|622.7099999999999|18.7|danemark|33.3|pate d'artichaut
les molins mahjoub|2025-10-07|1.0|3928.32|1152|1152.0|40.0|danemark|28.8|coriandre
les molins mahjoub|2025-10-08|1.0|481.2192000000001|141.12|141.12|9.8|danemark|14.4|confiture de framboise
les molins mahjoub|2025-10-09|0.86|18543.86816804745|182.31999999999996|5454.078872955133|29.91486876346607|usa|212.0|capre
les molins mahjoub|2025-10-10|0.86|17621.57938023653|444.7919999999998|5182.817464775449|11.65222725403211|usa|517.2|tomate séché
les molins mahjoub|2025-10-11|0.86|3689.636736641249|80.18639999999998|1085.18727548272|13.53330833511319|usa|93.24|pâte de tomate séché
les molins mahjoub|2025-10-12|0.86|4164.6318737069|120.74400000000003|1224.891727560853|10.1445349463398|usa|140.4|olive en saumure
les molins mahjoub|2025-10-13|0.86|47948.12691727455|721.3679999999998|14102.39026978663|19.54950908521952|usa|838.8|harissa traditionnelle
les molins mahjoub|2025-10-14|0.86|34435.21946794878|2992.7999999999997|10128.00572586729|3.384123805756245|usa|3480.0|m'hamsa
les molins mahjoub|2025-10-15|0.86|6980.222338275866|160.99199999999996|2053.006570081137|12.75222725403211|usa|187.2|piment doux
les molins mahjoub|2025-10-16|0.86|8193.235458637277|360.684|2409.775134893317|6.681125680355427|usa|419.4|harissa
les molins mahjoub|2025-10-17|0.86|2419.073864798851|18.7824|711.4923131761327|37.88079868260354|usa|21.84|papreka
les molins mahjoub|2025-10-18|0.86|23613.36778930153|998.976|6945.108173323981|6.95222725403211|usa|1161.6|citron confit
les molins mahjoub|2025-10-19|0.86|957.057254458445|50.56799999999999|281.4874277818956|5.566512968317822|usa|58.8|pate de citron confit
les molins mahjoub|2025-10-20|0.86|8246.460935527193|184.21200000000005|2425.429686919763|13.16651296831782|usa|214.2|sauce de citron et figue
les molins mahjoub|2025-10-21|0.86|10837.32436701205|162.28199999999995|3187.448343238838|19.6414164432213|usa|188.7|artichaut
les molins mahjoub|2025-10-22|0.86|31119.60839098145|842.1120000000002|9152.825997347485|10.86889392069877|usa|979.2|confiture de figue
les molins mahjoub|2025-10-23|0.86|764.0462992484545|70.176|224.7194997789572|3.202227254032108|usa|81.6|sauce teboursok
les molins mahjoub|2025-10-24|0.86|4007.50037896552|96.59519999999995|1178.676582048682|12.20222725403211|usa|112.32|confiture d'abricot
les molins mahjoub|2025-10-25|0.86|2325.33170948276|48.2976|683.9210910243411|14.16056058736544|usa|56.16|confiture de framboise
les molins mahjoub|2025-10-26|1.0|7486.129139842037|242.76000000000005|2201.802688188835|9.069874312855637|usa|242.76|shak shuka
les molins mahjoub|2025-10-09|1.0|1559.900969947527|458.7944029257433|458.7944029257433|21.84735252027349|belgique|21.0|capre
les molins mahjoub|2025-10-10|1.0|3194.957888376531|939.6934965813326|939.6934965813326|12.0473525202735|belgique|78.0|piment doux
les molins mahjoub|2025-10-11|1.0|2793.719828271585|821.6823024328193|821.6823024328193|6.847352520273494|belgique|120.0|citron confit
les molins mahjoub|2025-10-12|1.0|12085.7793735093|3554.640992208618|3554.640992208618|7.20029369674408|belgique|493.68|shak shuka
les molins mahjoub|2025-10-13|1.0|1763.201939895055|518.5888058514868|518.5888058514868|12.34735252027349|belgique|42.0|artichaut
les molins mahjoub|2025-10-14|1.0|528.9934304307407|inconnu|155.5863030678649|12.34811929110039|uae|12.6|olive en saumure
les molins mahjoub|2025-10-15|1.0|4630.032670768959|inconnu|1361.774314932047|11.34811929110039|uae|120.0|pate d'olive
les molins mahjoub|2025-10-16|1.0|1839.533880738412|inconnu|541.0393766877684|25.04811929110039|uae|21.6|capre
les molins mahjoub|2025-10-17|1.0|4574.667443445925|inconnu|1345.490424542919|13.34811929110039|uae|100.8|tomate séché
les molins mahjoub|2025-10-18|1.0|5181.298878215061|inconnu|1523.911434769135|10.67164870286509|uae|142.8|pâte de tomate séché
les molins mahjoub|2025-10-19|1.0|3373.672088184514|inconnu|992.2564965248572|22.34811929110039|uae|44.4|artichaut
les molins mahjoub|2025-10-20|1.0|11889.63191305503|inconnu|3496.950562663244|22.18595712893823|uae|157.62|harissa traditionnelle
les molins mahjoub|2025-10-21|1.0|3078.853721722963|inconnu|905.5452122714596|17.96716691014801|uae|50.4|pate d'ail
les molins mahjoub|2025-10-22|1.0|3965.76|1166.4|1166.4|10.8|danemark|108.0|pate d'olive
les molins mahjoub|2025-10-23|1.0|1485.12|436.8|436.8|11.66666666666667|danemark|37.44|tomate séché
les molins mahjoub|2025-10-24|1.0|1448.4|426|426.0|19.18918918918919|danemark|22.2|harissa traditionnelle
les molins mahjoub|2025-10-25|1.0|1615.68|475.2|475.2|13.2|danemark|36.0|harissa au citron et capre
les molins mahjoub|2025-10-26|1.0|1028.16|302.4|302.4|12.6|danemark|24.0|piment doux
les molins mahjoub|2025-10-27|1.0|5026.560000000001|1478.4|1478.4|16.87671232876713|danemark|87.6|pate d'artichaut
les molins mahjoub|2025-10-22|1.0|1861.606684734381|547.5313778630532|547.5313778630532|8.774541311907903|belgique|62.4|pate d'olive
les molins mahjoub|2025-10-23|1.0|2243.494684734381|659.8513778630532|659.8513778630532|10.5745413119079|belgique|62.4|tomate séché
les molins mahjoub|2025-10-24|1.0|5449.526075068953|1602.801786784986|1602.801786784986|18.51237914974574|belgique|86.58|harissa traditionnelle
les molins mahjoub|2025-10-25|1.0|5497.262075068953|1616.841786784986|1616.841786784986|18.6745413119079|belgique|86.58|pate d'artichaut
les molins mahjoub|2025-11-19|1.0|861.84|252|252.0|4.0|france|63.0|olive en saumure
les molins mahjoub|2025-11-20|1.0|5540.4|1620|1620.0|4.5|france|360.0|pate d'olive
les molins mahjoub|2025-11-21|1.0|4883.76|1428|1428.0|3.5|france|408.0|olive au citron
les molins mahjoub|2025-11-22|1.0|881.21088|257.664|257.664|6.1|france|42.24|artichaut
les molins mahjoub|2025-11-23|1.0|2603.43396|761.238|761.238|7.62|france|99.9|pate d'artichaut
les molins mahjoub|2025-11-24|1.0|2631.4848|769.44|769.44|4.58|france|168.0|citron confit
les molins mahjoub|2025-11-25|1.0|350.374896|102.4488|102.4488|2.79|france|36.72|tige d'artichaut
les molins mahjoub|2025-11-26|1.0|157.5936|46.08|46.08|4.8|france|9.6|piment cayenne
les molins mahjoub|2025-11-27|1.0|619.53984|181.152|181.152|5.1|france|35.52|harissa
les molins mahjoub|2025-11-19|1.0|3447.36|1008|1008.0|10.0|danemark|100.8|pate d'olive
les molins mahjoub|2025-11-20|1.0|5972.009472|1746.2016|1746.2016|11.66|danemark|149.76|pâte de tomate séché
les molins mahjoub|2025-11-21|1.0|7017.019200000001|2051.76|2051.76|16.6|danemark|123.6|harissa traditionnelle
les molins mahjoub|2025-11-22|1.0|4479.877152|1309.9056|1309.9056|10.07|danemark|130.08|harissa
les molins mahjoub|2025-11-23|1.0|698.796288|204.3264|204.3264|6.26|danemark|32.64|sauce tastour
les molins mahjoub|2025-11-24|1.0|3241.134|947.6999999999999|947.6999999999999|8.1|danemark|117.0|m'hamsa
les molins mahjoub|2025-11-25|1.0|636.0379199999999|185.976|185.976|2.46|danemark|75.6|pâte alimentaire
les molins mahjoub|2025-11-26|1.0|1740.096|508.8|508.8|10.6|danemark|48.0|citron confit
les molins mahjoub|2025-11-27|1.0|789.6096000000001|230.88|230.88|13.0|danemark|17.76|tige d'artichaut
les molins mahjoub|2025-11-28|1.0|2855.5632|834.9599999999999|834.9599999999999|9.94|danemark|84.0|sauce de citron et figue
les molins mahjoub|2025-11-20|1.0|2061.98304|606.4656|606.4656|9.719|belgique|62.4|pate d'olive
les molins mahjoub|2025-11-21|1.0|3729.454559999999|1096.8984|1096.8984|11.719|belgique|93.6|tomate séché
les molins mahjoub|2025-11-22|1.0|5462.613468|1606.65102|1606.65102|18.55683783783784|belgique|86.58|harissa traditionnelle
les molins mahjoub|2025-11-23|1.0|3673.566312|1080.46068|1080.46068|18.719|belgique|57.72|pate d'artichaut
les molins mahjoub|2025-12-04|1.14|1638.420189495214|54.71999999999999|480.475128884227|8.780612735457366|uk|48.0|olive à l'ail
les molins mahjoub|2025-12-05|1.14|204.8025236869018|6.84|60.05939111052838|8.780612735457366|uk|6.0|olive au harissa
les molins mahjoub|2025-12-06|1.14|1731.717789495214|54.720000000000006|507.8351288842271|9.280612735457366|uk|48.0|pate d'olive
les molins mahjoub|2025-12-07|1.14|3569.680509495214|54.71999999999999|1046.827128884227|19.13061273545737|uk|48.0|capre
les molins mahjoub|2025-12-08|1.14|4772.458073738036|136.79999999999998|1399.547822210568|10.23061273545737|uk|120.0|tomate séché
les molins mahjoub|2025-12-09|1.14|3488.821017103841|63.26999999999998|1023.114667772387|16.17061273545736|uk|55.5|harissa traditionnelle
les molins mahjoub|2025-12-10|1.14|3062.145451366146|101.23199999999999|897.9898684358199|8.870612735457366|uk|88.8|harissa
les molins mahjoub|2025-12-11|1.14|4966.954986364231|123.11999999999996|1456.585039989511|11.83061273545737|uk|108.0|harissa au citron et capre
les molins mahjoub|2025-12-12|1.14|1351.468213606398|69.768|396.3249893273895|5.680612735457366|uk|61.2|sauce tibar
les molins mahjoub|2025-12-13|1.14|675.7341068031991|34.88399999999999|198.1624946636947|5.680612735457366|uk|30.6|sauce tastour
les molins mahjoub|2025-12-14|1.14|810.8809281638388|41.8608|237.7949935964337|5.680612735457366|uk|36.72|sauce teboursok
les molins mahjoub|2025-12-15|1.14|3603.915236283728|186.048|1056.866638206372|5.680612735457366|uk|163.2|sauce tebourba
les molins mahjoub|2025-12-16|1.14|1270.799062121411|41.04|372.6683466631703|9.080612735457366|uk|36.0|citron confit
les molins mahjoub|2025-12-17|1.14|1596.202997462305|37.96199999999998|468.0947206634325|12.33061273545737|uk|33.3|piment doux
les molins mahjoub|2025-12-18|1.14|2090.620392541864|93.024|613.085159103186|6.590612735457366|uk|81.6|shak shuka
les molins mahjoub|2025-12-19|1.14|4153.83781899043|109.43999999999994|1218.134257768454|11.13061273545737|uk|96.0|artichaut
les molins mahjoub|2025-12-20|1.14|1813.908673572689|44.28899999999998|531.9380274406712|12.01061273545737|uk|38.85|pate d'artichaut
les molins mahjoub|2025-12-21|1.14|1569.044848883073|50.616|460.13045421791|9.090612735457366|uk|44.4|tige d'artichaut
les molins mahjoub|2025-12-22|1.14|1050.915711881159|72.504|308.1864257716009|4.250612735457366|uk|63.6|confiture d'orange amer
les molins mahjoub|2025-12-23|1.14|839.7641501214108|41.04|246.2651466631703|6.000612735457366|uk|36.0|confiture d'abricot
les molins mahjoub|2025-12-24|1.14|1847.481130267104|90.28800000000001|541.7833226589747|6.000612735457366|uk|79.2|confiture de figue
les molins mahjoub|2025-12-25|1.14|650.2709798137406|21.546|190.6953019981644|8.850612735457366|uk|18.9|sauce d'orange et artichaut
les molins mahjoub|2025-12-25|1.0|2526.2461224|65.52|740.83464|11.307|taiwan|65.52|olive en saumure
les molins mahjoub|2025-12-26|1.0|3351.348|63|982.8|15.6|taiwan|63.0|olive au citron
les molins mahjoub|2025-12-27|1.0|3609.144|100.80000000000001|1058.4|10.5|taiwan|100.8|olive à l'ail
les molins mahjoub|2025-12-28|1.0|3609.144|100.80000000000001|1058.4|10.5|taiwan|100.8|olive au harissa
les molins mahjoub|2025-12-29|1.0|3702.4416|139.2|1085.76|7.8|taiwan|139.2|pate d'olive
les molins mahjoub|2025-12-30|1.0|2475.66|30|726.0|24.2|taiwan|30.0|capre
les molins mahjoub|2025-12-31|1.0|2177.3532|102|638.52|6.26|taiwan|102.0|sauce tibar
les molins mahjoub|2026-01-01|1.0|2177.3532|102|638.52|6.26|taiwan|102.0|sauce tastour
les molins mahjoub|2026-01-02|1.0|2177.3532|102|638.52|6.26|taiwan|102.0|sauce teboursok
les molins mahjoub|2026-01-03|1.0|2177.3532|102|638.52|6.26|taiwan|102.0|sauce tebourba
les molins mahjoub|2026-01-04|1.0|5756.228676|128.76|1688.0436|13.11|taiwan|128.76|artichaut
les molins mahjoub|2026-01-05|1.0|8111.162400000001|317.99999999999994|2378.64|7.48|taiwan|318.0|confiture d'orange amer
les molins mahjoub|2026-01-06|1.0|4294.832256|167.04000000000002|1259.4816|7.54|taiwan|167.04|confiture d'abricot
les molins mahjoub|2026-01-07|1.0|4499.89056|167.04|1319.616|7.9|taiwan|167.04|confiture de figue
les molins mahjoub|2026-01-08|1.0|4055.597568|167.04000000000002|1189.3248|7.12|taiwan|167.04|confiture de framboise
les molins mahjoub|2026-01-09|1.0|4673.84148|105.84|1370.628|12.95|taiwan|105.84|sauce de citron et figue
les molins mahjoub|2026-01-10|1.0|3836.25|30|1125.0|37.5|taiwan|30.0|coriandre
les molins mahjoub|2026-01-11|1.0|5114.083392|190.08|1499.7312|7.89|taiwan|190.08|confiture de citron
les molins mahjoub|2026-01-12|1.0|2782.0485|62.99999999999999|815.8499999999999|12.95|taiwan|63.0|sauce d'orange et artichaut
les molins mahjoub|2025-12-25|0.86|910.123275308489|47.987999999999985|266.8983212048355|5.561772134801108|usa|55.8|olive à l'ail
les molins mahjoub|2025-12-26|0.86|36710.76490470723|350.8799999999999|10765.62020665901|30.68177213480111|usa|408.0|capre
les molins mahjoub|2025-12-27|0.86|14216.54986470723|350.8799999999999|4169.076206659012|11.88177213480111|usa|408.0|tomate séché
les molins mahjoub|2025-12-28|0.86|7525.917502050306|160.37279999999996|2207.013930220031|13.76177213480111|usa|186.48|pâte de tomate séché
les molins mahjoub|2025-12-29|0.86|29091.5671756634|650.1599999999997|8531.251371162287|13.12177213480111|usa|756.0|harissa traditionnelle
les molins mahjoub|2025-12-30|0.86|10853.32168612138|309.25599999999986|3182.792283320051|10.29177213480111|usa|359.6|olive en saumure
les molins mahjoub|2025-12-31|0.86|202.2496167352199|10.664|59.31073804551902|5.561772134801108|usa|12.4|olive au harissa
les molins mahjoub|2026-01-01|0.86|13079.87410470723|350.88|3835.740206659013|10.93177213480111|usa|408.0|pate d'olive
les molins mahjoub|2026-01-02|0.86|7766.350372353616|175.43999999999994|2277.522103329506|12.98177213480111|usa|204.0|piment doux
les molins mahjoub|2026-01-03|0.86|3902.321087827095|162.28199999999998|1144.375685579793|7.051772134801107|usa|188.7|harissa
les molins mahjoub|2026-01-04|0.86|3050.427115076734|23.477999999999998|894.5534061808604|38.10177213480111|usa|27.3|papreka
les molins mahjoub|2026-01-05|0.86|6116.191345115149|249.74400000000003|1793.604500033768|7.181772134801108|usa|290.4|citron confit
les molins mahjoub|2026-01-06|0.86|21993.34691245419|324.56399999999996|6449.661851159586|19.87177213480111|usa|377.4|pate d'artichaut
les molins mahjoub|2026-01-07|0.86|1318.014362534515|49.226400000000005|386.5144758165733|7.851772134801108|usa|57.24|confiture d'orange amer
les molins mahjoub|2026-01-08|0.86|2368.603315494996|48.29759999999998|694.6050778577699|14.38177213480111|usa|56.16|confiture de framboise
les molins mahjoub|2026-01-09|0.86|3695.50629423651|315.7919999999998|1083.726185993111|3.431772134801108|usa|367.2|sauce teboursok
les molins mahjoub|2026-01-10|0.86|50131.42325108935|4334.399999999999|14701.29714108192|3.391772134801108|usa|5040.0|m'hamsa
les molins mahjoub|2026-01-11|0.86|1889.952391656919|44.58239999999999|554.2382380225569|12.43177213480111|usa|51.84|confiture de citron
les molins mahjoub|2026-01-12|0.86|4777.379656688322|112.6944|1400.99110166813|12.43177213480111|usa|131.04|confiture d'abricot
les molins mahjoub|2026-01-13|0.86|1867.894592178121|42.26039999999999|547.7696751255487|12.96177213480111|usa|49.14|sauce d'orange et artichaut
les molins mahjoub|2026-01-14|0.86|19649.29960967272|374.61599999999993|5762.257950050652|15.38177213480111|usa|435.6|artichaut
